<Page xmlns="http://schemas.nativescript.org/tns.xsd" navigatingTo="navigatingTo">
    <ActionBar title="Audio Recorder" icon="" />
    
    <TabView>
        <TabViewItem title="Devices">
            <StackLayout class="p-4">
                <Button text="Scan Devices" tap="{{ scanDevices }}" class="mb-4" />
                <ListView items="{{ devices }}" itemTap="{{ onDeviceSelect }}" class="mb-4">
                    <ListView.itemTemplate>
                        <StackLayout class="p-2">
                            <Label text="{{ name }}" class="font-bold" />
                            <Label text="{{ UUID }}" class="text-sm text-gray-500" />
                        </StackLayout>
                    </ListView.itemTemplate>
                </ListView>
                <Label text="{{ connectionStatus }}" class="text-center" />
            </StackLayout>
        </TabViewItem>

        <TabViewItem title="Record">
            <StackLayout class="p-4">
                <Button text="{{ isRecording ? 'Stop Recording' : 'Start Recording' }}" 
                        tap="{{ toggleRecording }}" 
                        isEnabled="{{ isDeviceConnected }}"
                        class="{{ isDeviceConnected ? '' : 'opacity-50' }}" />
                <Label text="{{ recordingStatus }}" class="text-center mt-4" />
            </StackLayout>
        </TabViewItem>

        <TabViewItem title="Recordings">
            <StackLayout class="p-4">
                <ListView items="{{ recordings }}" itemTap="{{ onRecordingSelect }}">
                    <ListView.itemTemplate>
                        <StackLayout class="p-2">
                            <Label text="{{ name }}" class="font-bold" />
                            <Label text="{{ date }}" class="text-sm text-gray-500" />
                        </StackLayout>
                    </ListView.itemTemplate>
                </ListView>
            </StackLayout>
        </TabViewItem>
    </TabView>
</Page>